<?xml version="1.0" encoding="GB2312" ?>
<Setup><Version>1.2.3.0</Version>
<IndexSvr>search.kuwo.cn</IndexSvr>
<IndexPort>80</IndexPort>
<Tracker>deliver.kuwo.cn</Tracker>
<TrackerPort>25607</TrackerPort>
<HelpSvr1>uh1.kuwo.cn</HelpSvr1>
<HelpSvr1Port>6718</HelpSvr1Port>
<HelpSvr2>uh2.kuwo.cn</HelpSvr2>
<HelpSvr2Port>6721</HelpSvr2Port>
<ResUpSvr>deliver.kuwo.cn</ResUpSvr>
<ResUpPort>80</ResUpPort>
<ResSeaSvr>deliver.kuwo.cn</ResSeaSvr>
<ResSeaPort>80</ResSeaPort>
<RecommendSvr>tuijian.kuwo.cn</RecommendSvr>
<MeasurePath>/stat/zidane.rm</MeasurePath>
<RecommendPort>80</RecommendPort>
<ServerPort>6000</ServerPort>
<MaxPartners>50</MaxPartners>
<MaxSpaceSize>10240</MaxSpaceSize>
<MaxOutRate>512000</MaxOutRate>
<MaxInRate>512000</MaxInRate>
<MaxTasks>3</MaxTasks>
<NotifyState>SYS:1,HELP:1,OPERATE:1,STATE:1</NotifyState>
<SoundPos>50</SoundPos>
<MuteState>0</MuteState>
<DeDupli>1</DeDupli>
<SearMenuType>3</SearMenuType>
<PreGetNum>5</PreGetNum>
<SearMenuType>3</SearMenuType>
<LyricMode>1</LyricMode>
<KID>10500296</KID>
<LastUploadTime>1285514300</LastUploadTime>
</Setup>
